﻿<?xml version="1.0" encoding="utf-8"?>
<Settings>
  <Sitecore>
    <ExternalIdentityProviders>
      <IdentityProviders>
        <AzureAd type="Sitecore.Plugin.IdentityProviders.IdentityProvider, Sitecore.Plugin.IdentityProviders">
          <AuthenticationScheme>IdS4-AzureAd</AuthenticationScheme>
          <DisplayName>Azure AD</DisplayName>
          <Enabled>true</Enabled>
          <ClientId>76cd6559-fe71-4838-8d60-a8d27790fb93</ClientId>
          <TenantId>a94e3c76-a675-47eb-a024-2f2be2f091b5</TenantId>
          <MetadataAddress></MetadataAddress>
          <ClaimsTransformations>
            <!--Place transformation rules here. -->
            <ClaimsTransformation1 type="Sitecore.Plugin.IdentityProviders.DefaultClaimsTransformation, Sitecore.Plugin.IdentityProviders">
              <SourceClaims>
                <Claim1 type="http://schemas.xmlsoap.org/ws/2005/05/identity/claims/upn" />
              </SourceClaims>
              <NewClaims>
                <Claim1 type="email" />
              </NewClaims>
            </ClaimsTransformation1 >
            <ClaimsTransformation2 type="Sitecore.Plugin.IdentityProviders.DefaultClaimsTransformation, Sitecore.Plugin.IdentityProviders">
              <SourceClaims>
                <Claim1 type="http://schemas.xmlsoap.org/ws/2005/05/identity/claims/emailaddress" />
              </SourceClaims>
              <NewClaims>
                <Claim1 type="email" />
              </NewClaims>
            </ClaimsTransformation2>
            <!--Transformation samples-->
            <!--AzureAD user group to Sitecore role transformation.-->
            <!--<AzureGroupTransformation type="Sitecore.Plugin.IdentityProviders.DefaultClaimsTransformation, Sitecore.Plugin.IdentityProviders">
              <SourceClaims>
                <Claim1 type="groups" value="21a88c58-9e7f-439d-b8fe-fd883c620031" />
              </SourceClaims>
              <NewClaims>
                <Claim1 type="role" value="sitecore\Author" />
              </NewClaims>
            </AzureGroupTransformation>-->
            <!--AzureAD user in specific group to Sitecore admin user transformation-->
            <AzureADUserToAdminUser type="Sitecore.Plugin.IdentityProviders.DefaultClaimsTransformation, Sitecore.Plugin.IdentityProviders">
              <SourceClaims>
                <Claim1 type="groups" value="93625528-1c39-469b-81f5-177bfffa7f07" />
              </SourceClaims>
              <NewClaims>
                <Claim1 type="http://www.sitecore.net/identity/claims/isAdmin" value="true"/>
              </NewClaims>
            </AzureADUserToAdminUser>
          </ClaimsTransformations>
        </AzureAd>
      </IdentityProviders>
    </ExternalIdentityProviders>
  </Sitecore>
</Settings>
